,Px,Py,Vx,Vy,t,p1,p2,p3,p4
0,368.18931566716645,6.5966106132139,-0.0990697000865573,6.361599147637872,1,10.0,10.0,10.0,10.0
1,368.19432026311443,12.936101840513654,-0.26307938008431886,6.390126223704384,2,6.763289782582247,6.763289782582247,0.056319298606462086,0.056319298606462086
2,369.0321067673544,19.380382505969656,-0.2697634102210738,6.387301204461157,3,5.98362034741593,5.98362034741593,0.05260831003900582,0.05260831003900582
3,368.4021397638563,25.75321158325881,-0.2984677611203243,6.384852707895067,4,5.371647587558414,5.371647587558414,0.049355518289839466,0.049355518289839466
4,368.26685757172316,32.13176949581106,-0.33135718347097987,6.384125303980371,5,4.878706177061144,4.878706177061144,0.04648110437784629,0.046481104377846284
5,368.1299270527077,38.58694071546303,-0.3728154176489154,6.398529426702637,6,4.473268786985032,4.473268786985032,0.04392274592693234,0.043922745926932336
6,367.7480379594008,44.969390309780586,-0.41599250965389317,6.3658039352137195,7,4.134017802824057,4.134017802824057,0.041631079534976904,0.0416310795349769
7,367.0278670047247,51.30718571582249,-0.47082636287831414,6.359560458314027,8,3.846025522677811,3.846025522677811,0.03956650314620568,0.039566503146205675
8,365.98839475087294,57.6111759280579,-0.5302975421310496,6.346138148632533,9,3.5985292032319807,3.5985292032319807,0.03769687937941729,0.037696879379417285
9,364.4535600418258,63.96701335325229,-0.5995238749008496,6.337616102292106,10,3.383574796997662,3.383574796997662,0.03599585741335853,0.03599585741335852
10,363.305402153799,70.3288910598428,-0.6624228287586348,6.338019412780422,11,3.1951579660042166,3.1951579660042166,0.034441627668183546,0.03444162766818354
11,362.1438385817156,76.64906024014402,-0.7311277410100898,6.31490174485774,12,3.0286619710419433,3.0286619710419433,0.03301598456236541,0.0330159845623654
12,360.7384876056757,82.81167996940894,-0.8001865994254124,6.301405230113469,13,2.8804792935475656,2.8804792935475656,0.0317036120277726,0.031703612027772596
13,359.4905188297814,89.08385438433645,-0.8638545157420858,6.2879859579550725,14,2.7477505729883362,2.7477505729883362,0.030491532414644106,0.0304915324146441
14,357.7521755838235,95.29395149812174,-0.9336161763839447,6.270198626834729,15,2.62818052772609,2.62818052772609,0.029368676823119406,0.0293686768231194
15,356.1064890999578,101.35707403124916,-1.0013075325285279,6.239476704162978,16,2.5199056279767857,2.5199056279767857,0.02832554677056983,0.028325546770569823
16,354.3669128828421,107.46971693278205,-1.0772764816236913,6.218190148986648,17,2.4213973149869026,2.4213973149869026,0.027353945329541447,0.02735394532954144
17,352.419325163237,113.49046526861544,-1.145604632631427,6.19618153186005,18,2.3313901100952625,2.3313901100952625,0.02644676165231215,0.026446761652312148
18,350.4550897295334,119.49884032366576,-1.2182721743575353,6.176771711740018,19,2.2488274571505067,2.2488274571505067,0.025597796915616217,0.025597796915616214
19,348.4249496272486,125.35211767935073,-1.292163565246444,6.142624204302292,20,2.172820399739115,2.172820399739115,0.024801622688129958,0.024801622688129955
20,346.42683775087744,131.26766844905882,-1.3612913164461031,6.1162765157309495,21,2.1026156817909514,2.1026156817909514,0.02405346488890275,0.024053464888902747
21,344.3285978173091,137.0025530403903,-1.4390245906902903,6.07732085813365,22,2.0375708580508367,2.037570858050837,0.02334910810147265,0.023349108101472647
22,342.11885187470847,142.81238578439212,-1.5085847715880243,6.054771757959528,23,1.9771346821001332,1.9771346821001337,0.02268481619727829,0.022684816197278287
23,339.65066767108897,148.5246358094308,-1.5807161272816326,6.020410596220141,24,1.9208315119493,1.9208315119493005,0.022057266115603692,0.022057266115603692
24,337.2025143439708,154.2367417711971,-1.651381866694357,5.988232337440644,25,1.8682488054944693,1.8682488054944697,0.021463492324924442,0.021463492324924442
25,334.4405956889173,159.8204144391054,-1.7256538221345772,5.945491854435284,26,1.819027015005284,1.8190270150052845,0.02090084000863521,0.02090084000863521
26,331.64237870913234,165.42044996638163,-1.7942634416806322,5.915394094300283,27,1.7728513607722856,1.772851360772286,0.02036692541737944,0.02036692541737944
27,328.7634082813884,170.91966602961944,-1.8716729206055849,5.867747208580979,28,1.7294450888528332,1.7294450888528337,0.019859602140114258,0.019859602140114258
28,325.8054366037018,176.32924723619522,-1.9401934285287197,5.826288058969506,29,1.6885639099505232,1.6885639099505236,0.019376932288291043,0.019376932288291043
29,322.7085018806688,181.6739550104025,-2.0110297584726733,5.789915761958653,30,1.6499913850998598,1.6499913850998602,0.018917161778137504,0.018917161778137504
30,319.56837794829215,187.1633545200371,-2.0754756175019478,5.751546841806511,31,1.6135350754604962,1.6135350754604967,0.018478699046937212,0.018478699046937212
31,316.2310547262532,192.51970428089402,-2.1415624847779022,5.71461857083332,32,1.5790233127076174,1.5790233127076179,0.018060096659393385,0.018060096659393385
32,313.12629811504524,197.61244782099564,-2.2017199446909497,5.674601357830864,33,1.546302476484669,1.5463024764846693,0.017660035356428433,0.017660035356428433
33,309.76611867778877,202.7394143537138,-2.268370901851855,5.632634181671241,34,1.5152346885013326,1.515234688501333,0.017277310176286073,0.017277310176286073
34,306.3399349321462,207.72131505687207,-2.3309927561866943,5.588689116086094,35,1.485695850815148,1.4856958508151485,0.016910818340539757,0.016910818340539757
35,303.0265014276336,212.73003540390386,-2.3878407794758707,5.544073646138645,36,1.4575739698784087,1.4575739698784091,0.016559548648634872,0.016559548648634872
36,299.5764876220432,217.70786066606345,-2.4464766764648793,5.498727918492937,37,1.430767718987337,1.4307677189873373,0.016222572166282877,0.016222572166282877
37,295.99864178628826,222.5045624543632,-2.503790407497407,5.454025774879426,38,1.4051852005278374,1.4051852005278378,0.01589903402724195,0.01589903402724195
38,292.24951382630627,227.33473971564814,-2.563672868003777,5.410533926387297,39,1.3807428763899245,1.380742876389925,0.015588146196220648,0.015588146196220648
39,288.48236307899816,231.9733239209281,-2.6226835928640133,5.361012835841153,40,1.3573646405139805,1.357364640513981,0.015289181063980254,0.015289181063980254
40,284.62839661250155,236.62550827201824,-2.677060621178183,5.314586034813372,41,1.3349810120357892,1.3349810120357897,0.01500146576510232,0.01500146576510232
41,280.7824674830921,241.2751276814624,-2.7302540196963747,5.270435060371432,42,1.3135284311436959,1.3135284311436963,0.014724377125058388,0.014724377125058388
42,276.849909148737,245.68390955667263,-2.786240729804939,5.224170640535061,43,1.292948642727761,1.2929486427277614,0.014457337156752759,0.014457337156752759
43,272.84475518223417,250.13344405560923,-2.8397670970537745,5.177375416720903,44,1.273188155325364,1.2731881553253643,0.014199809038075344,0.014199809038075344
44,268.76051520253026,254.47854978887366,-2.8909519256505947,5.131000321009044,45,1.2541977648581297,1.2541977648581302,0.01395129351157925,0.01395129351157925
45,264.6319918033465,258.81401922042187,-2.935780027256194,5.083285505335015,46,1.235932134295951,1.2359321342959513,0.013711325655494011,0.013711325655494011
46,260.4232175271466,263.04735762015224,-2.9837426495768904,5.033811486236166,47,1.2183494217421311,1.2183494217421313,0.013479471982150625,0.013479471982150625
47,256.13585285087913,267.18174748665456,-3.029857048520526,4.9848765851084575,48,1.201410950562338,1.2014109505623383,0.013255327825733168,0.013255327825733168
48,251.84833040599034,271.1875662728903,-3.074980362384034,4.935930785479807,49,1.1850809161214169,1.185080916121417,0.013038514986251748,0.013038514986251748
49,247.5045421709973,275.1851865678944,-3.1204403527826465,4.885393637402742,50,1.169326124480094,1.1693261244800943,0.012828679600890578,0.012828679600890578
50,243.1284895437842,279.00049083738384,-3.1659772753418847,4.835743083527675,51,1.1541157590654398,1.15411575906544,0.012625490217537604,0.012625490217537604
51,238.6961473761746,282.83973308637167,-3.21086686537057,4.78756492198535,52,1.1394211718866982,1.1394211718866984,0.012428636048442398,0.012428636048442398
52,234.2656488812941,286.5538553112521,-3.253415065380144,4.736406619023206,53,1.1252156963396136,1.1252156963396138,0.012237825384655794,0.012237825384655794
53,229.75037428819343,290.2068446855865,-3.2916277033662733,4.6862988377074295,54,1.1114744790422102,1.1114744790422104,0.012052784154243506,0.012052784154243506
54,225.22570851712152,293.719842643703,-3.328677783325453,4.635422706138991,55,1.0981743284850602,1.0981743284850605,0.011873254609291273,0.011873254609291273
55,220.6729271430053,297.23181252730575,-3.3680322941570107,4.585153198618155,56,1.085293578569114,1.0852935785691142,0.011698994128477221,0.011698994128477221
56,216.12267959292097,300.77859310825795,-3.4045024731368,4.5362759592298945,57,1.0728119653522514,1.0728119653522517,0.011529774123516358,0.011529774123516358
57,211.55182355614465,304.0438890249141,-3.4393134882464675,4.4847640333696,58,1.0607105155384433,1.0607105155384435,0.011365379039115449,0.011365379039115449
58,206.89548830803034,307.43377426467043,-3.47571878290937,4.436246320372025,59,1.048971445426329,1.0489714454263293,0.01120560543724107,0.01120560543724107
59,202.2084884512248,310.59210931654167,-3.51103341026631,4.384608669986863,60,1.0375780691916467,1.037578069191647,0.011050261157523122,0.011050261157523122
60,197.46690608052052,313.7552371118112,-3.5460327214912275,4.334711557248817,61,1.0265147155141696,1.0265147155141698,0.010899164546510114,0.010899164546510114
61,192.80856032907292,316.8254125468562,-3.574368526405139,4.285581743969257,62,1.0157666516777424,1.0157666516777426,0.010752143749278114,0.010752143749278114
62,188.06509992753206,319.95080070046436,-3.6084404553625005,4.236470389459604,63,1.0053200143743888,1.005320014374389,0.010609036057586781,0.010609036057586781
63,183.26862324925492,322.8397515553931,-3.634632629067594,4.187527297452239,64,0.9951617465325078,0.995161746532508,0.010469687309385743,0.010469687309385743
64,178.46070123867815,325.68176852679005,-3.6655229746817697,4.138294194414197,65,0.9852795395668016,0.9852795395668018,0.010333951335013278,0.010333951335013278
65,173.64423994977236,328.5092045905312,-3.6916915257258265,4.090112101925458,66,0.9756617805153749,0.9756617805153751,0.01020168944590598,0.01020168944590598
66,168.84396399858312,331.2370212875875,-3.72018033510299,4.0411650347430355,67,0.9662975035887897,0.96629750358879,0.010072769962060548,0.010072769962060548
67,163.98071025116485,333.79258857130577,-3.744151315884131,3.9907892624089683,68,0.9571763457078943,0.9571763457078946,0.00994706777486399,0.00994706777486399
68,159.13311405439768,336.40829911702605,-3.767866274186513,3.9425007672748746,69,0.9482885056529633,0.9482885056529635,0.00982446394224196,0.00982446394224196
69,154.25409814270554,338.994247826412,-3.7930070165176986,3.893873988073111,70,0.9396247064869253,0.9396247064869254,0.009704845313371964,0.009704845313371964
70,149.3695698403227,341.45879766797736,-3.8147696563711926,3.84589495997307,71,0.9311761609509352,0.9311761609509354,0.009588104180472958,0.009588104180472958
71,144.46722689861173,343.8370771256888,-3.839964667246705,3.797250771654955,72,0.9229345395618852,0.9229345395618853,0.00947413795541944,0.00947413795541944
72,139.55686012729726,346.161832190775,-3.8626198812237753,3.7495368321229963,73,0.9148919411691766,0.9148919411691767,0.00936284886913961,0.00936284886913961
73,134.6265918051847,348.4190986242027,-3.8847457188806382,3.701554131468237,74,0.9070408657526445,0.9070408657526446,0.009254143691946624,0.009254143691946624
74,129.6680450329876,350.74706546691493,-3.9070833477422395,3.655245823806968,75,0.8993741892653372,0.8993741892653372,0.009147933473121869,0.009147933473121869
75,124.73847933242958,352.8087135888708,-3.928490965720041,3.6067891760096327,76,0.8918851403442386,0.8918851403442386,0.009044133298221662,0.009044133298221662
76,119.78223901152627,354.89437699916755,-3.9487823727473637,3.55960413158073,77,0.8845672787292874,0.8845672787292874,0.008942662062715993,0.008942662062715993
77,114.7972887739446,356.9818928337558,-3.969819830901211,3.5133282439102738,78,0.8774144752464322,0.8774144752464322,0.008843442260691314,0.008843442260691314
78,109.81152598156126,359.00035975351324,-3.989226446597374,3.467164035071176,79,0.8704208932242093,0.8704208932242093,0.008746399787460696,0.008746399787460696
79,104.82393623462964,360.9463334305846,-4.008798332869354,3.421163054023143,80,0.8635809712256165,0.8635809712256165,0.00865146375502503,0.00865146375502503
80,99.82048224944907,362.7436893555485,-4.029139964179398,3.374583161588817,81,0.856889406988059,0.856889406988059,0.008558566319419703,0.008558566319419703
81,94.799242534243,364.539657647705,-4.047421885244834,3.3284487791277577,82,0.8503411424740104,0.8503411424740104,0.008467642519063158,0.008467642519063158
82,89.77546848671462,366.2016287343091,-4.0644818353233445,3.2817266533987652,83,0.8439313499438842,0.8439313499438842,0.008378630123298071,0.008378630123298071
83,84.75657277311564,367.9738302781424,-4.081960587629943,3.2369685079600994,84,0.8376554189705775,0.8376554189705775,0.008291469490383162,0.008291469490383162
84,79.71461308207253,369.745346364288,-4.0986432239634905,3.193067801551802,85,0.8315089443223089,0.8315089443223089,0.008206103434254793,0.008206103434254793
85,74.67151432818771,371.28374154827486,-4.114850274752631,3.1475696670321347,86,0.8254877146468313,0.8254877146468313,0.008122477099432942,0.008122477099432942
86,69.61727526552599,372.7330576247925,-4.128906961640924,3.101887433288655,87,0.8195877018959239,0.8195877018959239,0.008040537843496636,0.008040537843496636
87,64.55926412911325,374.21292248430694,-4.145578668149459,3.057330185978136,88,0.8138050514343297,0.8138050514343297,0.007960235126599815,0.007960235126599815
88,59.4955760561226,375.65652628025913,-4.159648473326547,3.013096301332031,89,0.8081360727820593,0.8081360727820593,0.007881520407540477,0.007881520407540477
89,54.41334963231993,377.03108381417434,-4.1811618657121645,2.9686846101773985,90,0.8025772309432925,0.8025772309432925,0.007804347045934027,0.007804347045934027
90,49.33588951821156,378.4111943093928,-4.19131814826716,2.925492351206226,91,0.7971251382790054,0.7971251382790054,0.007728670210076678,0.007728670210076678
91,44.253679769379595,379.66203034417174,-4.207780403646717,2.8815490256275305,92,0.791776546883998,0.791776546883998,0.007654446790116454,0.007654446790116454
92,39.16517697205686,380.8849848572367,-4.223178598767139,2.837938194377784,93,0.786528341432205,0.786528341432205,0.0075816353161785215,0.0075816353161785215
93,34.06771838681034,382.0913559095213,-4.236701323178328,2.7948861291552842,94,0.7813775324571007,0.7813775324571007,0.00751019588111816,0.00751019588111816
94,28.97047162371698,383.1474891115825,-4.2522225869291885,2.751019886161662,95,0.7763212500366655,0.7763212500366655,0.007440090067599073,0.007440090067599073
95,23.865099550121908,384.1228483632838,-4.267047179077121,2.7070826672620045,96,0.7713567378548026,0.7713567378548026,0.0073712808792171,0.0073712808792171
96,18.756281556311666,385.1025771996994,-4.2811173621373095,2.663899798399933,97,0.7664813476133044,0.7664813476133044,0.007303732675409923,0.007303732675409923
97,13.642854302593058,386.0580131228437,-4.2943317646284624,2.620943803100743,98,0.7616925337704824,0.7616925337704824,0.007237411109912166,0.007237411109912166
98,8.519792680340554,386.89100235651466,-4.306670400838858,2.577499643160067,99,0.7569878485844121,0.7569878485844121,0.007172283072532645,0.007172283072532645
99,3.4062940348346737,387.70000850866126,-4.319598521126954,2.534587434760819,100,0.7523649374404333,0.7523649374404333,0.0071083166340463995,0.0071083166340463995
100,-1.7422082840475517,388.426263731925,-4.332310407164996,2.491684650580386,101,0.7478215344440783,0.7478215344440783,0.007045480994008848,0.007045480994008848
101,-6.875336304074279,389.0943337449921,-4.346259582814397,2.448673422582758,102,0.7433554582620162,0.7433554582620162,0.006983746431312864,0.006983746431312864
102,-11.994436927566873,389.77306651263484,-4.356131520858904,2.406503257284495,103,0.7389646081948936,0.7389646081948936,0.00692308425732205,0.00692308425732205
103,-17.124295635048583,390.39480589769306,-4.366530264937095,2.364052021636146,104,0.7346469604671315,0.7346469604671315,0.006863466771424962,0.006863466771424962
104,-22.275232949752642,391.00111018155275,-4.376554853238369,2.3223977630389103,105,0.7304005647198363,0.7304005647198363,0.006804867218865619,0.006804867218865619
105,-27.415123897702504,391.5335785878737,-4.3896060295451065,2.280414231063994,106,0.7262235406939741,0.7262235406939741,0.006747259750715469,0.006747259750715469
106,-32.54001097469507,392.00477504730685,-4.400326997362738,2.23820180991312,107,0.7221140750918823,0.7221140750918823,0.006690619385860973,0.006690619385860973
107,-37.70992639717984,392.5031928942605,-4.413897848494536,2.197410247330296,108,0.7180704186060372,0.7180704186060372,0.006634921974889412,0.006634921974889412
108,-42.85549035788313,392.906714128341,-4.426196739136687,2.1559191540199563,109,0.7140908831047749,0.7140908831047749,0.00658014416576323,0.00658014416576323
109,-48.01739660660296,393.14117436655266,-4.437519286711756,2.113453919703378,110,0.7101738389653829,0.7101738389653829,0.00652626337118042,0.00652626337118042
110,-53.1719974663529,393.4876514069668,-4.4489146856032535,2.0723993232976494,111,0.7063177125456407,0.7063177125456407,0.006473257737525129,0.006473257737525129
111,-58.348672967922276,393.6694791140667,-4.459529341790239,2.0304235552497465,112,0.7025209837854993,0.7025209837854993,0.006421106115318816,0.006421106115318816
112,-63.519837666118455,393.81914697148585,-4.470526019723575,1.9889442839102298,113,0.6987821839311552,0.6987821839311552,0.006369788031088038,0.006369788031088038
113,-68.6953036619028,393.9343800294414,-4.480435850314532,1.9467865536552382,114,0.6950998933742962,0.6950998933742962,0.006319283660570259,0.006319283660570259
114,-73.86385492372034,393.9758828152957,-4.491896182006352,1.904576377618215,115,0.6914727395997777,0.6914727395997777,0.00626957380318403,0.00626957380318403
115,-79.04515576181497,393.9222868862802,-4.501587623223707,1.8622686549309575,116,0.687899395235436,0.687899395235436,0.006220639857694457,0.006220639857694457
116,-84.24225501253137,393.8930149582521,-4.512960949223658,1.820800660623359,117,0.68437857619816,0.68437857619816,0.0061724637990091995,0.0061724637990091995
117,-89.4299925070783,393.77310193376564,-4.52283140705437,1.7791500344856799,118,0.6809090399307235,0.6809090399307235,0.006125028156044176,0.006125028156044176
118,-94.62793197040678,393.6108603017268,-4.530807464027981,1.736838970866274,119,0.6774895837242387,0.6774895837242387,0.0060783159906018965,0.0060783159906018965
119,-99.8399074146363,393.4008515680105,-4.539831440622615,1.6951607499499535,120,0.6741190431214177,0.6741190431214177,0.006032310877208779,0.006032310877208779
120,-105.04027616036441,393.14681408688915,-4.548218216010903,1.6537751812113255,121,0.67079629039614,0.67079629039614,0.005986996883861031,0.005986996883861031
121,-110.26485311042464,392.8578139846081,-4.55871760237218,1.6121166126050839,122,0.6675202331051037,0.6675202331051037,0.0059423585536316995,0.0059423585536316995
122,-115.45138418263747,392.5135298545937,-4.567191172170119,1.5707713728224173,123,0.6642898127076066,0.6642898127076066,0.005898380887094277,0.005898380887094277
123,-120.68336156726482,392.1173072714266,-4.5744044799574795,1.5285670902571153,124,0.6611040032497452,0.6611040032497452,0.005855049325520884,0.005855049325520884
124,-125.89558230798315,391.61903257822064,-4.58266851737305,1.4859948240491534,125,0.6579618101095532,0.6579618101095532,0.005812349734815495,0.005812349734815495
125,-131.10331791889703,391.13967462959414,-4.591669826960552,1.4442882988803023,126,0.6548622687998116,0.6548622687998116,0.005770268390144971,0.005770268390144971
126,-136.3251112928763,390.52590430919963,-4.60083760276465,1.4014007390420926,127,0.6518044438254579,0.6518044438254579,0.005728791961232784,0.005728791961232784
127,-141.52080589810973,389.9509098237224,-4.6081768320248315,1.3592322736128684,128,0.6487874275927177,0.6487874275927177,0.005687907498282343,0.005687907498282343
128,-146.7648909439573,389.3159502625383,-4.61576216858021,1.3168995385820605,129,0.6458103393672396,0.6458103393672396,0.005647602418498696,0.005647602418498696
129,-151.96774049048113,388.61531782241025,-4.624644369118816,1.2746142913279508,130,0.6428723242786898,0.6428723242786898,0.0056078644931791405,0.0056078644931791405
130,-157.18735620562322,387.7884697512441,-4.632404852455103,1.2310710547674941,131,0.6399725523694022,0.6399725523694022,0.00556868183534493,0.00556868183534493
131,-162.43657346186365,386.9851473450658,-4.640248361413297,1.1879112675228731,132,0.6371102176848282,0.6371102176848281,0.005530042887887791,0.005530042887887791
132,-167.64615113291305,386.0386359272412,-4.647327400407586,1.144153387836087,133,0.6342845374036569,0.6342845374036568,0.005491936412206427,0.005491936412206427
133,-172.88147524553895,385.0976751515636,-4.654303049359024,1.1005525051471252,134,0.6314947510056012,0.631494751005601,0.005454351477309549,0.005454351477309549
134,-178.08843918701274,384.0753023577065,-4.661144056209675,1.0564455181606411,135,0.6287401194749596,0.6287401194749594,0.005417277449363226,0.005417277449363226
135,-183.39321333078047,382.96103539375804,-4.669208324640454,1.0124785479887517,136,0.6260199245381731,0.626019924538173,0.005380703981661575,0.005380703981661575
136,-188.61992661338692,381.8211879372666,-4.6750878657587975,0.9676911444806578,137,0.6233334679336919,0.6233334679336918,0.005344621005000911,0.005344621005000911
137,-193.8511612170842,380.6345656217571,-4.6812582410891945,0.9243697122767537,138,0.6206800707125685,0.6206800707125684,0.0053090187184385565,0.0053090187184385565
138,-199.05673550486577,379.4357042880864,-4.686301773626217,0.8794900580081355,139,0.6180590725682763,0.6180590725682762,0.005273887580418493,0.005273887580418493
139,-204.31138701599505,378.1111129436211,-4.690758799418615,0.8337337754118944,140,0.6154698311943383,0.6154698311943382,0.005239218300246973,0.005239218300246973
140,-209.51005847256164,376.7099951878773,-4.695274891635282,0.7876366827107596,141,0.6129117216684279,0.6129117216684278,0.005205001829902103,0.005205001829902103
141,-214.75628934381163,375.2394708713136,-4.700565006179685,0.7423930761554203,142,0.6103841358616765,0.6103841358616764,0.00517122935616223,0.00517122935616223
142,-219.95524300072353,373.7188415045401,-4.704697053514512,0.6975190686683319,143,0.6078864818719926,0.6078864818719925,0.00513789229303875,0.00513789229303875
143,-225.1884437736374,372.1557759009077,-4.710004897203037,0.6516392606541013,144,0.6054181834802591,0.605418183480259,0.005104982274499682,0.005104982274499682
144,-230.44071937164145,370.5659354689343,-4.7142141484147,0.606144399345088,145,0.6029786796283383,0.6029786796283382,0.005072491147471067,0.005072491147471067
145,-235.60121966188046,368.8948035608917,-4.716022492228457,0.5598044253551275,146,0.6005674239178693,0.6005674239178692,0.005040410965103892,0.005040410965103892
146,-240.79471224605226,367.17678819366824,-4.720668063343697,0.5130513379135327,147,0.5981838841288988,0.5981838841288987,0.005008733980294857,0.005008733980294857
147,-246.0155857320288,365.3236257910103,-4.724789911917471,0.46575874630721037,148,0.5958275417574324,0.5958275417574322,0.00497745263944989,0.00497745263944989
148,-251.30575291322322,363.4128990191519,-4.727285508913322,0.41925170621412977,149,0.5934978915710453,0.5934978915710452,0.00494655957647987,0.00494655957647987
149,-256.4985148478477,361.4645080141031,-4.729634489958845,0.37234852062778256,150,0.5911944411817329,0.5911944411817328,0.004916047607018527,0.004916047607018527
150,-261.6271904062662,359.4544853744739,-4.730799397267846,0.32201881980667446,151,0.5889167106352267,0.5889167106352265,0.004885909722852996,0.004885909722852996
151,-266.738022512436,357.3830287920738,-4.732152692204307,0.27374783465985925,152,0.5866642320160353,0.5866642320160352,0.004856139086557942,0.004856139086557942
152,-271.87570234648257,355.20725539603956,-4.732151679347765,0.2250822736425157,153,0.5844365490675179,0.5844365490675177,0.004826729026324643,0.004826729026324643
153,-277.05712519311544,352.9934669221392,-4.731481884978767,0.17562281030164212,154,0.5822332168263182,0.5822332168263181,0.004797673030976808,0.004797673030976808
154,-282.21726803195486,350.69649482175913,-4.730675779971943,0.12635752500275946,155,0.580053801270536,0.5800538012705359,0.004768964745165308,0.004768964745165308
155,-287.3220284568046,348.3402566997604,-4.729355226403107,0.07716008608216646,156,0.5778978789810314,0.5778978789810313,0.00474059796473438,0.00474059796473438
156,-292.4204344706884,345.9050968235906,-4.726514455448571,0.026952060794256993,157,0.5757650368152969,0.5757650368152968,0.004712566632252206,0.004712566632252206
157,-297.4360090259374,343.3892174050944,-4.722487209555195,-0.022460091643113828,158,0.5736548715933516,0.5736548715933515,0.004684864832699091,0.004684864832699091
158,-302.44562840306287,340.8254452477021,-4.718070488128429,-0.07248210586714629,159,0.571566989795147,0.5715669897951469,0.004657486789306816,0.004657486789306816
159,-307.42412235549835,338.187007904107,-4.713014708998512,-0.12195797779107466,160,0.5695010072689904,0.5695010072689904,0.004630426859543005,0.004630426859543005
160,-312.39903140326777,335.47205215455114,-4.707177109945975,-0.17068593825334,161,0.5674565489505244,0.5674565489505244,0.004603679531234643,0.004603679531234643
161,-317.39522568518197,332.6760625369959,-4.7016812137656805,-0.22365183645292477,162,0.5654332485918132,0.5654332485918132,0.004577239418825156,0.004577239418825156
162,-322.3227696973214,329.80979203192834,-4.695661305953818,-0.2752085731344123,163,0.5634307485001183,0.5634307485001183,0.004551101259759718,0.004551101259759718
163,-327.2347311983148,326.85838932737374,-4.6878266252898,-0.3272335064394222,164,0.5614486992859585,0.5614486992859585,0.004525259910993679,0.004525259910993679
164,-332.0816363631294,323.8585643044128,-4.677688947879387,-0.3789648609597833,165,0.5594867596200708,0.5594867596200708,0.004499710345619261,0.004499710345619261
165,-336.8730534004477,320.7562458915197,-4.667679831392701,-0.43071901875031315,166,0.5575445959989072,0.5575445959989072,0.004474447649605865,0.004474447649605865
166,-341.6791843543152,317.58533999674387,-4.656828027391492,-0.48285692405467495,167,0.5556218825183199,0.5556218825183199,0.0044494670186495545,0.0044494670186495545
167,-346.3167192733536,314.35782100903754,-4.644176885784859,-0.53538377767116,168,0.5537183006551003,0.5537183006551003,0.004424763755127473,0.004424763755127473
168,-351.0293019250852,311.03942518223596,-4.631434795803763,-0.5863996649333393,169,0.5518335390560574,0.5518335390560574,0.0044003332651531375,0.0044003332651531375
169,-355.6531430446054,307.66553865714167,-4.616970170748705,-0.63772769678882,170,0.5499672933343316,0.5499672933343316,0.0043761710557287435,0.0043761710557287435
170,-360.2173774303431,304.2085056945219,-4.6014770093394475,-0.688195751048311,171,0.548119265872656,0.548119265872656,0.0043522727319907474,0.0043522727319907474
171,-364.8267174954341,300.6731590829488,-4.586242092860085,-0.7416520691878096,172,0.5462891656332897,0.5462891656332897,0.00432863399454521,0.00432863399454521
172,-369.3956571777983,297.063026538733,-4.569969910156436,-0.7923110080000473,173,0.5444767079743585,0.5444767079743585,0.004305250636889491,0.004305250636889491
173,-373.8315697946879,293.3980316732471,-4.551750543455799,-0.8426070054245172,174,0.5426816144723559,0.5426816144723559,0.004282118542917048,0.004282118542917048
174,-378.21726637963855,289.6633504757583,-4.532632675832938,-0.8953066271471671,175,0.5409036127505579,0.5409036127505579,0.004259233684502237,0.004259233684502237
175,-382.61362926213235,285.85841199019603,-4.513009929052666,-0.9454112707265397,176,0.5391424363131291,0.5391424363131291,0.004236592119162136,0.004236592119162136
176,-386.8652585645222,281.97650217326304,-4.491394890864369,-0.9962597386420536,177,0.5373978243846945,0.5373978243846945,0.004214189987792535,0.004214189987792535
177,-391.0732997525788,278.025587097765,-4.4686151456703005,-1.0482291293710817,178,0.5356695217551724,0.5356695217551724,0.004192023512475377,0.004192023512475377
178,-395.18034287269916,274.00926932957145,-4.444591470802209,-1.0971164912406928,179,0.5339572786296642,0.5339572786296642,0.004170088994355009,0.004170088994355009
179,-399.285609801044,269.92691852117696,-4.4200018514164015,-1.147358148692213,180,0.532260850483212,0.532260850483212,0.004148382811580769,0.004148382811580769
180,-403.2740125695518,265.7788470098058,-4.393927377511944,-1.1978984069986691,181,0.5305799979202378,0.5305799979202378,0.0041269014173134725,0.0041269014173134725
181,-407.2176137670451,261.5599042965505,-4.366973780816335,-1.2492384814160027,182,0.5289144865384903,0.5289144865384903,0.004105641337793516,0.004105641337793516
182,-411.0336631069489,257.2770436850976,-4.338610991043394,-1.300135489589658,183,0.5272640867973316,0.5272640867973316,0.004084599170468378,0.004084599170468378
183,-414.7931744894706,252.9342758681242,-4.309408410408455,-1.3496277732536677,184,0.5256285738902008,0.5256285738902008,0.0040637715821773964,0.0040637715821773964
184,-418.548911217503,248.53340481621143,-4.279624942661297,-1.398376729536931,185,0.5240077276211017,0.5240077276211017,0.0040431553073918035,0.0040431553073918035
185,-422.27585091024065,244.07619878539504,-4.249249262098779,-1.44697193448954,186,0.5224013322849668,0.5224013322849668,0.0040227471465080385,0.0040227471465080385
186,-425.8364118006746,239.56630259411781,-4.217048519845514,-1.4913853799068428,187,0.5208091765517545,0.5208091765517545,0.004002543964192495,0.004002543964192495
187,-429.34820619883294,234.9834856320362,-4.184420671374077,-1.5396471227573454,188,0.5192310533541468,0.5192310533541468,0.003982542687775886,0.003982542687775886
188,-432.7516866775079,230.3499987189373,-4.150444279239269,-1.5855308935932706,189,0.5176667597787131,0.5176667597787131,0.003962740305695503,0.003962740305695503
189,-436.0929736825324,225.67647334579337,-4.115770159150414,-1.6290912789779377,190,0.5161160969604207,0.5161160969604207,0.003943133865983712,0.003943133865983712
190,-439.3593857178908,220.93369250081818,-4.080490463494101,-1.6743420666749271,191,0.5145788699803663,0.5145788699803663,0.0039237204748011,0.0039237204748011
191,-442.47735802274786,216.15864186823194,-4.0429904198741635,-1.7190097074505315,192,0.5130548877666197,0.5130548877666197,0.0039044972950127233,0.0039044972950127233
192,-445.5582332377028,211.3429459759332,-4.00574293320044,-1.7613070560968964,193,0.5115439629980648,0.5115439629980648,0.003885461544806009,0.003885461544806009
193,-448.5643458252917,206.48434383899726,-3.9671362033709996,-1.804978378129598,194,0.5100459120111351,0.5100459120111351,0.0038666104963488764,0.0038666104963488764
194,-451.4426009910039,201.56991960878403,-3.9280963910842455,-1.846278176078434,195,0.5085605547093417,0.5085605547093417,0.00384794147448673,0.00384794147448673
195,-454.24859000420486,196.615263694571,-3.888137505915685,-1.8884675253500731,196,0.5070877144754947,0.5070877144754947,0.0038294518554770145,0.0038294518554770145
196,-456.910528886846,191.63734963561996,-3.847331706661107,-1.9275220451959927,197,0.5056272180865273,0.5056272180865273,0.0038111390657600726,0.0038111390657600726
197,-459.4914533997451,186.60315290482154,-3.805790106335946,-1.9674299421790775,198,0.5041788956308306,0.5041788956308306,0.0037930005807650965,0.0037930005807650965
198,-462.0138746864456,181.5377130477496,-3.7637148471137793,-2.006937285980236,199,0.5027425804280139,0.5027425804280139,0.003775033923750014,0.003775033923750014
199,-464.3742751071294,176.43618527338148,-3.7206293175841876,-2.0455524534148894,200,0.5013181089510065,0.5013181089510065,0.0037572366646741835,0.0037572366646741835
200,-466.63518789223264,171.31209264338457,-3.6770908569078435,-2.0836549820133765,201,0.49990532075042304,0.49990532075042304,0.0037396064191028235,0.0037396064191028235
201,-468.8109685092195,166.13690985762673,-3.632695561798739,-2.121495424590746,202,0.4985040583811145,0.4985040583811145,0.0037221408471421404,0.0037221408471421404
202,-470.9559082313362,160.96119825410315,-3.5887153188266443,-2.1569798145193952,203,0.49711416733083064,0.49711416733083064,0.0037048376524041523,0.0037048376524041523
203,-472.9341815890188,155.77121249326194,-3.543685238008532,-2.192676886809809,204,0.4957354959509253,0.4957354959509253,0.0036876945810002506,0.0036876945810002506
204,-474.8438603119598,150.5460676937228,-3.497927030701831,-2.2286384501042207,205,0.494367895389034,0.494367895389034,0.0036707094205625703,0.0036707094205625703
205,-476.63191145026343,145.29573029401118,-3.451226958600929,-2.26152087360749,206,0.4930112195236597,0.4930112195236597,0.003653879999292279,0.003653879999292279
206,-478.2904483417654,140.02357699424843,-3.4046358293856374,-2.2938898631428315,207,0.4916653249006039,0.4916653249006039,0.003637204185033922,0.003637204185033922
207,-479.85682670505633,134.75661019602043,-3.3575143797793694,-2.3262655108215,208,0.4903300706711807,0.4903300706711807,0.003620679884374996,0.003620679884374996
208,-481.39091454617045,129.4373477033843,-3.3108342224429776,-2.357532700504329,209,0.4890053185321579,0.4890053185321579,0.0036043050417699576,0.0036043050417699576
209,-482.7710602782391,124.13135610235696,-3.2638243239713334,-2.3885177636931227,210,0.48769093266736685,0.48769093266736685,0.003588077638687887,0.003588077638687887
210,-484.0356739895542,118.82455225637688,-3.217105500030891,-2.4187291001005553,211,0.48638677969092775,0.48638677969092775,0.0035719956927830728,0.0035719956927830728
211,-485.2336837244105,113.46252276005403,-3.169140501031878,-2.447614152034943,212,0.4850927285920383,0.4850927285920383,0.003556057257087799,0.003556057257087799
212,-486.301969901539,108.11938956362233,-3.1213247372901916,-2.4759641991374024,213,0.48380865068127554,0.48380865068127554,0.0035402604192266447,0.0035402604192266447
213,-487.3488385296426,102.75404129184604,-3.071630178450628,-2.5036961161992584,214,0.4825344195383621,0.4825344195383621,0.00352460330065163,0.00352460330065163
214,-488.2622519282867,97.39605982107966,-3.023257486932933,-2.5298557268065425,215,0.48126991096135074,0.48126991096135074,0.003509084055897565,0.003509084055897565
215,-489.05129705683777,92.03311367599119,-2.9745708112621596,-2.5550609166000218,216,0.4800150029171816,0.4800150029171816,0.003493700871856985,0.003493700871856985
216,-489.79272892033043,86.66843489955437,-2.925938562874416,-2.580144539449863,217,0.4787695754935698,0.4787695754935698,0.003478451967074068,0.003478451967074068
217,-490.3999840590747,81.31548168206844,-2.8771056868483433,-2.604198823470688,218,0.47753351085218104,0.47753351085218104,0.0034633355910569656,0.0034633355910569656
218,-490.92822041993315,75.95616792112652,-2.8271191000203757,-2.6285917166589994,219,0.4763066931830546,0.4763066931830546,0.00344835002360798,0.00344835002360798
219,-491.35201681832444,70.63680698776045,-2.778108570499617,-2.6516101189371235,220,0.4750890086602356,0.4750890086602356,0.0034334935741710555,0.0034334935741710555
220,-491.65892762817754,65.30119711615379,-2.7285843580365468,-2.6731695396250936,221,0.4738803453985794,0.4738803453985794,0.0034187645811960643,0.0034187645811960643
221,-491.8801457567827,59.9509769169041,-2.6788853172114795,-2.694181475997603,222,0.4726805934116902,0.4726805934116902,0.00340416141151938,0.00340416141151938
222,-492.01679555859533,54.628107009666905,-2.628453649861158,-2.714089465646151,223,0.4714896445709621,0.4714896445709621,0.003389682459760259,0.003389682459760259
223,-492.0399433093825,49.36462539261578,-2.5787496007393096,-2.7333415839675212,224,0.470307392565685,0.470307392565685,0.0033753261477325585,0.0033753261477325585
224,-491.96906219126737,44.056319415655494,-2.528627256340434,-2.75197865097654,225,0.46913373286418675,0.46913373286418675,0.0033610909238713385,0.0033610909238713385
225,-491.84408301947497,38.80434365096337,-2.4777207823647007,-2.769859578157967,226,0.4679685626759779,0.4679685626759779,0.003346975262673913,0.003346975262673913
226,-491.61031036880985,33.52718289361747,-2.428949107991441,-2.7878049790969173,227,0.46681178091486925,0.46681178091486925,0.0033329776641549207,0.0033329776641549207
227,-491.28426324194464,28.230997491789,-2.3793079106291057,-2.804989145803038,228,0.46566328816303326,0.46566328816303326,0.003319096653315017,0.003319096653315017
228,-490.86349830558106,22.937637102404256,-2.3291583109357346,-2.820719178625095,229,0.46452298663598146,0.46452298663598146,0.0033053307796227817,0.0033053307796227817
229,-490.40673880890387,17.67462145955978,-2.280005845233882,-2.836177183638286,230,0.46339078014842927,0.46339078014842927,0.0032916786165094643,0.0032916786165094643
230,-489.86491734525714,12.429084035031915,-2.2310689565592994,-2.8511979015297646,231,0.46226657408102373,0.46226657408102373,0.0032781387608762026,0.0032781387608762026
231,-489.2078008630955,7.231775829961773,-2.181865163371108,-2.865186184175123,232,0.46115027534790726,0.46115027534790726,0.0032647098326133456,0.0032647098326133456
232,-488.4596442541288,2.0339880081510886,-2.1326094471495356,-2.8790098914441304,233,0.46004179236509357,0.46004179236509357,0.003251390474131547,0.003251390474131547
233,-487.64932776736435,-3.0774877035982358,-2.0834439006961114,-2.891404517003787,234,0.4589410350196317,0.4589410350196317,0.003238179349904284,0.003238179349904284
234,-486.7275149861613,-8.202685523072436,-2.033631595077506,-2.9035506797913553,235,0.45784791463953534,0.45784791463953534,0.003225075146021487,0.003225075146021487
235,-485.7370515325441,-13.32478415392188,-1.9850874431683878,-2.915856950564471,236,0.4567623439644556,0.4567623439644556,0.0032120765697539614,0.0032120765697539614
236,-484.6996734853568,-18.438329403022053,-1.9366501379144685,-2.927201385102076,237,0.4556842371170748,0.4556842371170748,0.003199182349128297,0.003199182349128297
237,-483.5750276217079,-23.481770753454576,-1.8879246359497497,-2.937424514657094,238,0.45461350957520164,0.45461350957520164,0.003186391232511978,0.003186391232511978
238,-482.3429444526404,-28.551298584279085,-1.8397041315627074,-2.947606313899225,239,0.4535500781445469,0.4535500781445469,0.003173701988208402,0.003173701988208402
239,-481.0564948468835,-33.5682537859875,-1.7907920141273843,-2.9570269983914934,240,0.4524938609321605,0.4524938609321605,0.003161113404061537,0.003161113404061537
240,-479.7105165182745,-38.589068737802705,-1.742076686039947,-2.9660924531179544,241,0.45144477732051147,0.45144477732051147,0.003148624287069951,0.003148624287069951
241,-478.2828403071607,-43.55256580384483,-1.6939685461735263,-2.974515547325527,242,0.4504027479421918,0.4504027479421918,0.0031362334630099515,0.0031362334630099515
242,-476.8093995431036,-48.46874363314636,-1.64732540748785,-2.9823471742439023,243,0.44936769465522797,0.44936769465522797,0.0031239397760675874,0.0031239397760675874
243,-475.2203563021173,-53.3787919405019,-1.5998138270098918,-2.9898417346783726,244,0.4483395405189813,0.4483395405189813,0.0031117420884792745,0.0031117420884792745
244,-473.58462306164483,-58.246396093926435,-1.5522923071562431,-2.996603301977001,245,0.44731820977062237,0.44731820977062237,0.0030996392801808026,0.0030996392801808026
245,-471.876636349107,-63.126421872784356,-1.5052350561162215,-3.0030515587382083,246,0.4463036278021627,0.4463036278021627,0.003087630248464504,0.003087630248464504
246,-470.09494190064805,-67.92457253777623,-1.459230810022333,-3.0087155532529595,247,0.4452957211380282,0.4452957211380282,0.003075713907644358,0.003075713907644358
247,-468.2540126666775,-72.69582297410882,-1.4123560711644478,-3.0138117506344773,248,0.4442944174131596,0.4442944174131596,0.00306388918872882,0.00306388918872882
248,-466.33363740100646,-77.43789157248904,-1.3659946975486228,-3.018541761971533,249,0.44329964535162547,0.44329964535162547,0.003052155039101168,0.003052155039101168
249,-464.3480708633713,-82.16116805181645,-1.319384789448596,-3.0228799642419584,250,0.44231133474573386,0.44231133474573386,0.003040510422207166,0.003040510422207166
250,-462.2927960397107,-86.8330002502459,-1.2729332502428623,-3.0267308161209443,251,0.44132941643562873,0.44132941643562873,0.0030289543172498496,0.0030289543172498496
251,-460.19633123471937,-91.46804493731678,-1.2277773930299678,-3.0301032989319654,252,0.440353822289358,0.440353822289358,0.003017485718891243,0.003017485718891243
252,-458.0193118031003,-96.12602955807534,-1.1823884116565089,-3.0334429435030703,253,0.43938448518340045,0.43938448518340045,0.003006103636960826,0.003006103636960826
253,-455.7786869441408,-100.69807012048358,-1.1369609591682364,-3.0357384405224965,254,0.43842133898363966,0.43842133898363966,0.002994807096170578,0.002994807096170578
254,-453.475837917354,-105.28364682085855,-1.0916084565406998,-3.0380000565810716,255,0.43746431852677237,0.43746431852677237,0.0029835951358364154,0.0029835951358364154
255,-451.1196390873055,-109.76759081823087,-1.0460193065297776,-3.039289139274009,256,0.43651335960213933,0.43651335960213933,0.002972466809605868,0.002972466809605868
256,-448.70001086660716,-114.23903622367372,-1.0011509536685097,-3.0402167288794972,257,0.4355683989339688,0.4355683989339688,0.002961421185191823,0.002961421185191823
257,-446.2203916164483,-118.70819658580426,-0.9554521794597596,-3.041119756705537,258,0.4346293741640201,0.4346293741640201,0.002950457344112185,0.002950457344112185
258,-443.6796435326245,-123.15646819408288,-0.910647687878291,-3.0416593820653666,259,0.43369622383461764,0.43369622383461764,0.0029395743814352956,0.0029395743814352956
259,-441.07928613712926,-127.53451480132429,-0.8666865648419161,-3.0414857062647687,260,0.4327688873720651,0.4327688873720651,0.002928771405530967,0.002928771405530967
260,-438.4263342348458,-131.88031417976936,-0.8217380584308965,-3.041060810634599,261,0.43184730507042934,0.43184730507042934,0.0029180475378269826,0.0029180475378269826
261,-435.7133128593354,-136.16771318324476,-0.7765234491832218,-3.0400970595766292,262,0.43093141807568475,0.43093141807568475,0.0029074019125709307,0.0029074019125709307
262,-432.9491687405491,-140.40573642382418,-0.7318631903135743,-3.038545634064231,263,0.4300211683702085,0.4300211683702085,0.002896833676597229,0.002896833676597229
263,-430.1279555633318,-144.63691222081923,-0.6874586145992613,-3.0369158309232502,264,0.42911649875761776,0.42911649875761776,0.002886341989099211,0.002886341989099211
264,-427.25176490646464,-148.82220195643976,-0.6442943832881118,-3.0348420423714013,265,0.42821735284794,0.42821735284794,0.0028759260214061507,0.0028759260214061507
265,-424.3231633401687,-153.0036132872513,-0.6011412172742854,-3.0326028044994047,266,0.4273236750431073,0.4273236750431073,0.0028655849567650916,0.0028655849567650916
266,-421.33941246713664,-157.0707420316551,-0.5578549467754481,-3.029489136578393,267,0.42643541052276773,0.42643541052276773,0.00285531799012737,0.00285531799012737
267,-418.306934521619,-161.12331726072296,-0.5154428919489648,-3.02614644372013,268,0.4255525052304037,0.4255525052304038,0.002845124327939708,0.002845124327939708
268,-415.22222828217195,-165.14413480936378,-0.4733193446717876,-3.022491972452208,269,0.42467490585975165,0.4246749058597517,0.0028350031879397675,0.0028350031879397675
269,-412.0885178289833,-169.08461452222,-0.43198877568904376,-3.0182014910457013,270,0.4238025598415134,0.42380255984151344,0.0028249537989560474,0.0028249537989560474
270,-408.9063309000813,-173.02557360999222,-0.3905635541402001,-3.0138103358593438,271,0.42293541533035367,0.4229354153303537,0.0028149754007120273,0.0028149754007120273
271,-405.67542062231877,-176.93357624815897,-0.34862510348003306,-3.0091137090016526,272,0.4220734211921751,0.42207342119217517,0.0028050672436344412,0.0028050672436344412
272,-402.3959691391873,-180.83085539653834,-0.30687255119964213,-3.0042355795068554,273,0.4212165269916645,0.42121652699166456,0.0027952285886655914,0.0027952285886655914
273,-399.06952698741594,-184.65631747790468,-0.2649349301440256,-2.9987894286602335,274,0.42036468298010377,0.4203646829801038,0.0027854587070795913,0.0027854587070795913
274,-395.6925375708796,-188.44692307123998,-0.22321791379378153,-2.9930349716007623,275,0.4195178400834378,0.41951784008343784,0.0027757568803024545,0.0027757568803024545
275,-392.26910004961996,-192.14676946086348,-0.18208583548057475,-2.9866405068943793,276,0.418675949890595,0.41867594989059503,0.002766122399735927,0.002766122399735927
276,-388.8010386311563,-195.82017139612185,-0.14135124342477315,-2.9800008802238778,277,0.41783896464205195,0.417838964642052,0.002756554566584974,0.002756554566584974
277,-385.2890378607896,-199.4643197162447,-0.10112821286972264,-2.973112899600281,278,0.4170068372186377,0.41700683721863774,0.002747052691688838,0.002747052691688838
278,-381.7317245207391,-203.01278696208578,-0.06075908859176818,-2.9655197533017477,279,0.41617952113057116,0.4161795211305712,0.002737616095355575,0.002737616095355575
279,-378.12964427160216,-206.59757995993112,-0.019578530707971838,-2.95803662458205,280,0.4153569705067263,0.4153569705067264,0.002728244107199992,0.002728244107199992
280,-374.48788789298237,-210.12477898111933,0.020587885270975916,-2.950156800739094,281,0.4145391400841195,0.4145391400841196,0.002718936065984898,0.002718936065984898
281,-370.8064637781717,-213.66115356284945,0.05998483697457042,-2.9423432493697512,282,0.4137259851976129,0.41372598519761294,0.0027096913194655983,0.0027096913194655983
282,-367.0789263631423,-217.07574585322047,0.0998908259033339,-2.9337187085633873,283,0.41291746176983013,0.4129174617698302,0.0027005092242375446,0.0027005092242375446
283,-363.31351420638464,-220.50462324121597,0.13988567564947613,-2.9250944991507115,284,0.4121135263012778,0.41211352630127784,0.0026913891455870773,0.0026913891455870773
284,-359.49491946599045,-223.88974763436613,0.17891619416868293,-2.9159727964160056,285,0.4113141358606684,0.41131413586066845,0.002682330457345177,0.002682330457345177
285,-355.63089843089335,-227.22340082579532,0.2186396271380252,-2.906451483837217,286,0.4105192480754403,0.4105192480754404,0.0026733325417441626,0.0026733325417441626
286,-351.72097303097524,-230.48939891808982,0.2580221688408404,-2.896761735649346,287,0.40972882112246894,0.409728821122469,0.0026643947892772625,0.0026643947892772625
287,-347.8010238534822,-233.69643012352972,0.29708858605240085,-2.8864403415460727,288,0.40894281371896585,0.4089428137189659,0.002655516598560992,0.002655516598560992
288,-343.811390800135,-236.83801597145697,0.3355366114415357,-2.875651948288996,289,0.40816118511356053,0.4081611851135606,0.002646697376200276,0.002646697376200276
289,-339.78824311111356,-239.93592077489103,0.3745811170024029,-2.864493241067281,290,0.40738389507756084,0.4073838950775609,0.002637936536656246,0.002637936536656246
290,-335.74430956539044,-242.980520508011,0.4126671224258371,-2.8531021254873337,291,0.406610903896388,0.40661090389638804,0.002629233502116657,0.002629233502116657
291,-331.643329686552,-246.00854696155113,0.45068334055631426,-2.8417090315591804,292,0.40584217236118153,0.4058421723611816,0.00262058770236886,0.00262058770236886
292,-327.51962842275395,-248.9992069562706,0.4886150558264041,-2.829843542246368,293,0.40507766176057114,0.4050776617605712,0.0026119985746752704,0.0026119985746752704
293,-323.3360638881942,-251.9150710060013,0.5270936463801889,-2.8175241783067584,294,0.40431733387261043,0.4043173338726105,0.002603465563651282,0.002603465563651282
294,-319.1279411115655,-254.76925572243996,0.5647074651693572,-2.8046855718772665,295,0.40356115095686995,0.40356115095687,0.0025949881211455588,0.0025949881211455588
295,-314.87649239816295,-257.61177323412164,0.6023819495172658,-2.7915782393008235,296,0.402809075746685,0.40280907574668506,0.0025865657061226654,0.0025865657061226654
296,-310.58619727386395,-260.40514599111145,0.6400011637506591,-2.7784448472237346,297,0.40206107144155495,0.402061071441555,0.0025781977845479695,0.0025781977845479695
297,-306.26352296588817,-263.1368235080565,0.6773772950087446,-2.764747792043484,298,0.40131710169969076,0.4013171016996908,0.002569883829274774,0.002569883829274774
298,-301.9178193793846,-265.8234771814542,0.7149042764264328,-2.7509339070858507,299,0.40057713063070693,0.400577130630707,0.002561623319933626,0.002561623319933626
299,-297.53581834724025,-268.4730849095097,0.7517955098099993,-2.736572627615396,300,0.39984112278845496,0.399841122788455,0.0025534157428237507,0.0025534157428237507
300,-293.10557913328233,-271.01274526880616,0.7891764821772735,-2.7212990754986612,301,0.39910904316399476,0.3991090431639948,0.00254526059080657,0.00254526059080657
301,-288.6561780289877,-273.56336067742944,0.82473986888232,-2.706212706452445,302,0.3983808571787015,0.39838085717870153,0.0025371573632012503,0.0025371573632012503
302,-284.18872870464077,-276.0419942160028,0.8608538814195528,-2.690765519087395,303,0.39765653067750395,0.397656530677504,0.0025291055656822426,0.0025291055656822426
303,-279.6723586937797,-278.51189310003065,0.8958407261613152,-2.675004085890204,304,0.3969360299222522,0.39693602992225224,0.0025211047101787645,0.0025211047101787645
304,-275.12297986231647,-280.89253196184256,0.930741336564222,-2.658890582962026,305,0.3962193215852111,0.39621932158521117,0.0025131543147761865,0.0025131543147761865
305,-270.53604910502895,-283.2271685051384,0.9667034291615528,-2.642479312989191,306,0.3955063727426777,0.39550637274267775,0.002505253903619276,0.002505253903619276
306,-265.9251268478425,-285.52134585629483,1.0018131232199747,-2.6256029257136246,307,0.39479715086871847,0.3947971508687185,0.0024974030068172616,0.0024974030068172616
307,-261.25674135932024,-287.77108619446386,1.0373467621377752,-2.609018978758615,308,0.39409162382902485,0.3940916238290249,0.0024896011603506765,0.0024896011603506765
308,-256.55355501272396,-289.97357881921425,1.0719788130360102,-2.5915329381151935,309,0.3933897598748841,0.39338975987488417,0.002481847905979942,0.002481847905979942
309,-251.85253875517841,-292.08355284375915,1.1059637342327608,-2.573481584457982,310,0.39269152763726284,0.3926915276372629,0.0024741427911556535,0.0024741427911556535
310,-247.1524893170559,-294.13539895268764,1.1408299968592142,-2.55514414684853,311,0.39199689612100064,0.3919968961210007,0.002466485368930535,0.002466485368930535
311,-242.36526290809624,-296.14487685651983,1.1756048492396685,-2.5364711265057642,312,0.391305834699112,0.39130583469911207,0.002458875197873018,0.002458875197873018
312,-237.59976503863834,-298.12903580008435,1.2092986986003835,-2.517512108863125,313,0.3906183131071934,0.39061831310719347,0.0024513118419824216,0.0024513118419824216
313,-232.77756258098978,-300.03755032871,1.2431261824513706,-2.49830939362219,314,0.38993430143793356,0.3899343014379336,0.002443794870605688,0.002443794870605688
314,-227.9120708025132,-301.8559535897383,1.2767417815751498,-2.4782112128130747,315,0.389253770135725,0.38925377013572504,0.002436323858355647,0.002436323858355647
315,-223.01509979387743,-303.6533365957654,1.309934153852797,-2.4579847398189,316,0.38857668999137396,0.388576689991374,0.002428898385030777,0.002428898385030777
316,-218.09033097733735,-305.3781630668162,1.3429840229834,-2.4374446668760164,317,0.38790303213690774,0.3879030321369078,0.0024215180355364237,0.0024215180355364237
317,-213.1537626624621,-307.07922368070143,1.3760236388135791,-2.416187572046001,318,0.3872327680404757,0.38723276804047574,0.0024141823998074575,0.0024141823998074575
318,-208.1742991114256,-308.69287498847325,1.4082805057597887,-2.3948215688560635,319,0.3865658695013434,0.3865658695013435,0.0024068910727323258,0.0024068910727323258
319,-203.18776034344233,-310.2566714800363,1.4403683349662657,-2.3730514755839,320,0.3859023086449775,0.38590230864497754,0.0023996436540784814,0.0023996436540784814
320,-198.1774177158497,-311.76626239187334,1.4718120365736882,-2.35062724921147,321,0.3852420579182187,0.38524205791821875,0.0023924397484191523,0.0023924397484191523
321,-193.1610179368026,-313.2181906106736,1.5037047839917375,-2.328281217521537,322,0.3845850900845421,0.38458509008454217,0.002385278965061427,0.002385278965061427
322,-188.11863452856264,-314.6348774033804,1.5351723836023152,-2.3058507286191707,323,0.3839313782194023,0.3839313782194024,0.002378160917975627,0.002378160917975627
323,-183.03058044428946,-315.97465908398783,1.566887849158161,-2.2820971633227667,324,0.38328089570566154,0.3832808957056616,0.0023710852257259416,0.0023710852257259416
324,-177.9639474633336,-317.2412786076691,1.5971296467384315,-2.2579971762975917,325,0.3826336162290993,0.38263361622909936,0.0023640515114022927,0.0023640515114022927
325,-172.82818745501646,-318.44887360298145,1.6277588844786837,-2.2341392841516456,326,0.38198951377400214,0.3819895137740022,0.002357059402553415,0.002357059402553415
326,-167.72769246434183,-319.59380921063206,1.6574520174296858,-2.209620373840016,327,0.3813485626188306,0.38134856261883066,0.002350108531121115,0.002350108531121115
327,-162.57215562702103,-320.6874509376225,1.6873412062808744,-2.184898367233421,328,0.38071073733196364,0.3807107373319637,0.002343198533375693,0.002343198533375693
328,-157.38948787670952,-321.69947902355904,1.7165898199658822,-2.159762012252021,329,0.3800760127675172,0.38007601276751724,0.0023363290498524974,0.0023363290498524974
329,-152.17389240586925,-322.6411421303711,1.7461359587684115,-2.1340803580446197,330,0.3794443640612362,0.3794443640612363,0.0023294997252895962,0.0023294997252895962
330,-146.9520467734897,-323.54211609521457,1.7744845298318146,-2.1086352251050786,331,0.3788157666264588,0.3788157666264589,0.0023227102085665347,0.0023227102085665347
331,-141.74422326114444,-324.35364623031325,1.802042494539846,-2.0823854001938797,332,0.37819019615015026,0.3781901961501503,0.002315960152644162,0.002315960152644162
332,-136.48394223689854,-325.08842494017676,1.8296702918459307,-2.055194707569025,333,0.37756762858900605,0.3775676285890061,0.0023092492145055034,0.0023092492145055034
333,-131.24547372545317,-325.7678275847693,1.8567877073832546,-2.028183000963892,334,0.3769480401656227,0.3769480401656228,0.002302577055097661,0.002302577055097661
334,-125.96148174010126,-326.40072573628305,1.8832721036116085,-2.000552623621185,335,0.3763314073647345,0.3763314073647346,0.002295943339274711,0.002295943339274711
335,-120.64852663869456,-326.947631511903,1.909387787824566,-1.9725787771374974,336,0.3757177069295148,0.37571770692951484,0.002289347735741595,0.002289347735741595
336,-115.36775658361663,-327.44400234491565,1.935014504865957,-1.9437605313261774,337,0.3751069158579409,0.375106915857941,0.002282789916998966,0.002282789916998966
337,-110.09057135297456,-327.8597179055833,1.9599093590821997,-1.9146188522338567,338,0.37449901139922154,0.3744990113992216,0.0022762695592889854,0.0022762695592889854
338,-104.7642488507655,-328.2228270460095,1.9849034965419294,-1.8858241830034093,339,0.3738939710502843,0.3738939710502844,0.0022697863425420466,0.0022697863425420466
339,-99.47293299686929,-328.51288614579494,2.00860794685382,-1.8562056709729817,340,0.373291772552324,0.37329177255232404,0.002263339950324402,0.002263339950324402
340,-94.11398386996025,-328.719132207808,2.0323038118445487,-1.8256470233852085,341,0.3726923938874085,0.37269239388740855,0.002256930069786684,0.002256930069786684
341,-88.80258866287345,-328.8497833595403,2.055159657107362,-1.7952438779339615,342,0.3720958132751426,0.37209581327514263,0.002250556391613295,0.002250556391613295
342,-83.476637389935,-328.90831697188946,2.0775672988773777,-1.7651488445014707,343,0.37150200916938775,0.3715020091693878,0.0022442186099726554,0.0022442186099726554
343,-78.13566236967908,-328.92091919476286,2.0995139662212563,-1.7343805343697083,344,0.3709109602550369,0.37091096025503695,0.0022379164224682877,0.0022379164224682877
344,-72.8264387771123,-328.85382933722195,2.1208185672470456,-1.7035328074077454,345,0.37032264544484345,0.3703226454448435,0.002231649530090724,0.002231649530090724
345,-67.55056048400797,-328.7229843979103,2.1411446849103233,-1.6714316908516251,346,0.3697370438763033,0.36973704387630335,0.002225417637170217,0.002225417637170217
346,-62.25831344846632,-328.5113809481921,2.160981632029322,-1.639214070724552,347,0.3691541349085883,0.36915413490858834,0.0022192204513302436,0.0022192204513302436
347,-56.93158684116795,-328.2285266240565,2.1803501575071333,-1.6072141622585965,348,0.3685738981195313,0.36857389811953134,0.0022130576834417815,0.0022130576834417815
348,-51.65535263974596,-327.8679593370495,2.198785931342376,-1.5758495429077417,349,0.3679963133026604,0.36799631330266047,0.002206929047578346,0.002206929047578346
349,-46.365493438269965,-327.4348957684793,2.2166032892573653,-1.5430685442226149,350,0.36742136046428264,0.3674213604642827,0.0022008342609717724,0.0022008342609717724
350,-41.10915915112057,-326.9302167063735,2.233411077271311,-1.5103145219605945,351,0.36684901982061535,0.3668490198206154,0.0021947730439687272,0.0021947730439687272
351,-35.84002978714161,-326.35206069150536,2.2498941191821986,-1.4771253605737233,352,0.3662792717949647,0.3662792717949648,0.0021887451199879373,0.0021887451199879373
352,-30.63760482309643,-325.70015991926385,2.2653350865626964,-1.4438620871029824,353,0.36571209701495067,0.3657120970149507,0.0021827502154781226,0.0021827502154781226
353,-25.427043951344316,-324.98028968422784,2.2800404173493254,-1.4101823147221524,354,0.3651474763097763,0.36514747630977634,0.002176788059876616,0.002176788059876616
354,-20.297563537920762,-324.19082180162235,2.2936958346532204,-1.3763088040056368,355,0.3645853907075425,0.36458539070754253,0.0021708583855686624,0.0021708583855686624
355,-15.145472331712025,-323.32312513822876,2.3068746442282904,-1.3425920002706087,356,0.3640258214326061,0.36402582143260614,0.002164960927847377,0.002164960927847377
356,-10.015142201546903,-322.389591820688,2.3193509115515276,-1.3086469615240113,357,0.36346874990297984,0.3634687499029799,0.00215909542487436,0.00215909542487436
357,-4.959606755290038,-321.3857866539716,2.330738798149242,-1.274272259610529,358,0.36291415772777513,0.3629141577277752,0.0021532616176409432,0.0021532616176409432
358,0.14033233372238518,-320.31072589039064,2.341744265473237,-1.2412685743056386,359,0.3623620267046857,0.36236202670468576,0.0021474592499300706,0.0021474592499300706
